,hour,lat,lon,k,CO_interpolate,CO_REAL,NO2_interpolate,NO2_REAL,PM25_interpolate,PM25_REAL
0,1,-12.045286,-77.030902,2,627.78515625,1105.271,11.238844871520996,18.788,19.37906837463379,26.555
1,1,-12.045286,-77.030902,3,695.02880859375,1105.271,14.92287826538086,18.788,19.66971206665039,26.555
2,1,-12.045286,-77.030902,4,752.347900390625,1105.271,17.603843688964844,18.788,25.872631072998047,26.555
3,1,-12.045286,-77.030902,5,1034.700927734375,1105.271,16.949825286865234,18.788,25.21385383605957,26.555
4,1,-12.045286,-77.030902,6,979.3037719726562,1105.271,17.903085708618164,18.788,25.07486915588379,26.555
5,1,-12.045286,-77.030902,7,917.4306030273438,1105.271,18.4857177734375,18.788,25.0945987701416,26.555
0,2,-12.045286,-77.030902,2,360.33319091796875,969.046,11.101168632507324,15.672,14.300064086914062,18.089
1,2,-12.045286,-77.030902,3,459.3756408691406,969.046,13.816099166870117,15.672,13.83071231842041,18.089
2,2,-12.045286,-77.030902,4,515.6663208007812,969.046,17.900474548339844,15.672,16.757211685180664,18.089
3,2,-12.045286,-77.030902,5,804.0552978515625,969.046,16.99070930480957,15.672,16.784570693969727,18.089
4,2,-12.045286,-77.030902,6,763.5650024414062,969.046,17.755977630615234,15.672,16.61713218688965,18.089
5,2,-12.045286,-77.030902,7,714.4918212890625,969.046,18.145219802856445,15.672,16.669105529785156,18.089
0,3,-12.045286,-77.030902,2,515.1784057617188,948.576,10.708000183105469,13.355,12.393049240112305,15.232
1,3,-12.045286,-77.030902,3,558.1617431640625,948.576,15.251977920532227,13.355,12.277366638183594,15.232
2,3,-12.045286,-77.030902,4,577.779296875,948.576,19.01064109802246,13.355,15.19045352935791,15.232
3,3,-12.045286,-77.030902,5,825.713623046875,948.576,17.28137969970703,13.355,14.966745376586914,15.232
4,3,-12.045286,-77.030902,6,764.7184448242188,948.576,17.85785675048828,13.355,14.521757125854492,15.232
5,3,-12.045286,-77.030902,7,701.7877807617188,948.576,17.994003295898438,13.355,14.300533294677734,15.232
0,4,-12.045286,-77.030902,2,546.138916015625,1090.173,18.716407775878906,23.005,9.303546905517578,15.416
1,4,-12.045286,-77.030902,3,576.5941162109375,1090.173,21.285259246826172,23.005,9.13103199005127,15.416
2,4,-12.045286,-77.030902,4,609.1995239257812,1090.173,23.402141571044922,23.005,11.326720237731934,15.416
3,4,-12.045286,-77.030902,5,913.997314453125,1090.173,22.917476654052734,23.005,11.016351699829102,15.416
4,4,-12.045286,-77.030902,6,859.1996459960938,1090.173,24.709854125976562,23.005,10.833614349365234,15.416
5,4,-12.045286,-77.030902,7,780.9005126953125,1090.173,24.6407413482666,23.005,10.705113410949707,15.416
0,5,-12.045286,-77.030902,2,534.063720703125,1060.51,23.0253849029541,27.895,7.868537425994873,10.096
1,5,-12.045286,-77.030902,3,582.159912109375,1060.51,25.184246063232422,27.895,8.007023811340332,10.096
2,5,-12.045286,-77.030902,4,649.9840087890625,1060.51,27.24413299560547,27.895,10.004718780517578,10.096
3,5,-12.045286,-77.030902,5,968.066162109375,1060.51,26.99528694152832,27.895,9.895166397094727,10.096
4,5,-12.045286,-77.030902,6,930.281005859375,1060.51,28.15248680114746,27.895,10.094653129577637,10.096
5,5,-12.045286,-77.030902,7,870.5112915039062,1060.51,28.22612190246582,27.895,10.085417747497559,10.096
0,6,-12.045286,-77.030902,2,581.020263671875,1265.18,29.417396545410156,34.16,11.023066520690918,18.211
1,6,-12.045286,-77.030902,3,640.8275146484375,1265.18,30.77692413330078,34.16,11.550041198730469,18.211
2,6,-12.045286,-77.030902,4,682.2801513671875,1265.18,32.54739761352539,34.16,13.788725852966309,18.211
3,6,-12.045286,-77.030902,5,1025.9615478515625,1265.18,32.1508903503418,34.16,14.12580680847168,18.211
4,6,-12.045286,-77.030902,6,1002.5928955078125,1265.18,33.204647064208984,34.16,14.858722686767578,18.211
5,6,-12.045286,-77.030902,7,961.0082397460938,1265.18,33.221839904785156,34.16,14.927325248718262,18.211
0,1,-12.050278,-77.026111,2,826.4793090820312,2164.005,14.499744415283203,14.334,22.97654151916504,22.579
1,1,-12.050278,-77.026111,3,919.4066772460938,2164.005,15.929113388061523,14.334,24.169321060180664,22.579
2,1,-12.050278,-77.026111,4,896.9351196289062,2164.005,17.51952362060547,14.334,23.189777374267578,22.579
3,1,-12.050278,-77.026111,5,778.5390014648438,2164.005,17.2452335357666,14.334,21.988882064819336,22.579
4,1,-12.050278,-77.026111,6,802.833251953125,2164.005,18.645463943481445,14.334,25.737565994262695,22.579
5,1,-12.050278,-77.026111,7,788.723876953125,2164.005,19.243181228637695,14.334,28.118759155273438,22.579
0,2,-12.050278,-77.026111,2,566.9783325195312,1957.501,15.051445007324219,13.352,16.06399154663086,16.894
1,2,-12.050278,-77.026111,3,700.9962768554688,1957.501,15.258289337158203,13.352,16.738971710205078,16.894
2,2,-12.050278,-77.026111,4,690.1130981445312,1957.501,16.255178451538086,13.352,15.777265548706055,16.894
3,2,-12.050278,-77.026111,5,581.6611328125,1957.501,15.740569114685059,13.352,15.072247505187988,16.894
4,2,-12.050278,-77.026111,6,598.8074951171875,1957.501,18.142698287963867,13.352,16.816293716430664,16.894
5,2,-12.050278,-77.026111,7,593.8590087890625,1957.501,18.56736183166504,13.352,18.996788024902344,16.894
0,3,-12.050278,-77.026111,2,692.2925415039062,1817.356,15.7256498336792,10.365,13.125975608825684,14.072
1,3,-12.050278,-77.026111,3,777.7174072265625,1817.356,14.935460090637207,10.365,13.827959060668945,14.072
2,3,-12.050278,-77.026111,4,744.3215942382812,1817.356,17.2865047454834,10.365,13.382486343383789,14.072
3,3,-12.050278,-77.026111,5,616.563720703125,1817.356,15.970270156860352,10.365,12.872215270996094,14.072
4,3,-12.050278,-77.026111,6,619.9085693359375,1817.356,18.35628318786621,10.365,14.715096473693848,14.072
5,3,-12.050278,-77.026111,7,609.9027709960938,1817.356,18.745145797729492,10.365,16.00080108642578,14.072
0,4,-12.050278,-77.026111,2,762.6721801757812,2133.072,24.720767974853516,20.979,10.352486610412598,9.775
1,4,-12.050278,-77.026111,3,871.8353881835938,2133.072,24.14886474609375,20.979,12.040266036987305,9.775
2,4,-12.050278,-77.026111,4,813.2550659179688,2133.072,24.717376708984375,20.979,11.226731300354004,9.775
3,4,-12.050278,-77.026111,5,681.0370483398438,2133.072,24.106531143188477,20.979,10.545819282531738,9.775
4,4,-12.050278,-77.026111,6,685.3671875,2133.072,25.04756736755371,20.979,11.773794174194336,9.775
5,4,-12.050278,-77.026111,7,660.9375,2133.072,25.067773818969727,20.979,12.616206169128418,9.775
0,5,-12.050278,-77.026111,2,800.1502685546875,2240.273,26.653217315673828,26.0,10.070530891418457,9.457
1,5,-12.050278,-77.026111,3,886.933837890625,2240.273,27.06713104248047,26.0,10.079020500183105,9.457
2,5,-12.050278,-77.026111,4,834.7906494140625,2240.273,27.675825119018555,26.0,9.630282402038574,9.457
3,5,-12.050278,-77.026111,5,709.673583984375,2240.273,27.477270126342773,26.0,9.041855812072754,9.457
4,5,-12.050278,-77.026111,6,733.6373901367188,2240.273,28.468347549438477,26.0,10.201160430908203,9.457
5,5,-12.050278,-77.026111,7,714.49560546875,2240.273,28.600170135498047,26.0,11.170105934143066,9.457
0,6,-12.050278,-77.026111,2,872.0303955078125,2400.556,32.2891845703125,30.565,15.82158088684082,15.474
1,6,-12.050278,-77.026111,3,1003.0757446289062,2400.556,32.91276931762695,30.565,16.618026733398438,15.474
2,6,-12.050278,-77.026111,4,942.419921875,2400.556,33.058570861816406,30.565,15.614558219909668,15.474
3,6,-12.050278,-77.026111,5,814.686767578125,2400.556,32.99285888671875,30.565,14.2769136428833,15.474
4,6,-12.050278,-77.026111,6,813.3460083007812,2400.556,33.80384826660156,30.565,15.314881324768066,15.474
5,6,-12.050278,-77.026111,7,832.2553100585938,2400.556,34.12290573120117,30.565,16.881221771240234,15.474
0,1,-12.041025,-77.043454,2,833.59130859375,546.139,23.466079711914062,21.982,43.31304168701172,25.213
1,1,-12.041025,-77.043454,3,717.2254028320312,546.139,20.638870239257812,21.982,36.26107406616211,25.213
2,1,-12.041025,-77.043454,4,614.1451416015625,546.139,19.516096115112305,21.982,31.4918155670166,25.213
3,1,-12.041025,-77.043454,5,657.2221069335938,546.139,20.071109771728516,21.982,29.243518829345703,25.213
4,1,-12.041025,-77.043454,6,731.9016723632812,546.139,19.85724449157715,21.982,28.7954044342041,25.213
5,1,-12.041025,-77.043454,7,763.150146484375,546.139,17.924640655517578,21.982,27.7635555267334,25.213
0,2,-12.041025,-77.043454,2,629.6199951171875,420.011,27.765087127685547,20.481,27.381433486938477,16.981
1,2,-12.041025,-77.043454,3,572.7686767578125,420.011,24.36957359313965,20.481,23.84814453125,16.981
2,2,-12.041025,-77.043454,4,466.5277099609375,420.011,21.697546005249023,20.481,20.948963165283203,16.981
3,2,-12.041025,-77.043454,5,504.7168273925781,420.011,21.20720672607422,20.481,19.337474822998047,16.981
4,2,-12.041025,-77.043454,6,582.1099243164062,420.011,20.28461456298828,20.481,19.129383087158203,16.981
5,2,-12.041025,-77.043454,7,580.78369140625,420.011,18.60390281677246,20.481,18.732013702392578,16.981
0,3,-12.041025,-77.043454,2,611.0109252929688,324.15,25.544172286987305,18.811,24.528478622436523,12.973
1,3,-12.041025,-77.043454,3,569.0748901367188,324.15,21.211013793945312,18.811,20.743188858032227,12.973
2,3,-12.041025,-77.043454,4,453.17535400390625,324.15,18.584379196166992,18.811,18.265016555786133,12.973
3,3,-12.041025,-77.043454,5,491.36834716796875,324.15,19.735570907592773,18.811,17.02113914489746,12.973
4,3,-12.041025,-77.043454,6,567.574462890625,324.15,18.672075271606445,18.811,16.722930908203125,12.973
5,3,-12.041025,-77.043454,7,618.6148681640625,324.15,17.53469467163086,18.811,16.327484130859375,12.973
0,4,-12.041025,-77.043454,2,645.8096923828125,311.039,28.14955711364746,24.226,18.571475982666016,9.934
1,4,-12.041025,-77.043454,3,587.8248901367188,311.039,25.071203231811523,24.226,15.990455627441406,9.934
2,4,-12.041025,-77.043454,4,478.896240234375,311.039,24.2191104888916,24.226,13.94823932647705,9.934
3,4,-12.041025,-77.043454,5,510.619873046875,311.039,24.659914016723633,24.226,12.915730476379395,9.934
4,4,-12.041025,-77.043454,6,607.2182006835938,311.039,24.384077072143555,24.226,13.33246898651123,9.934
5,4,-12.041025,-77.043454,7,654.7792358398438,311.039,23.153404235839844,24.226,12.968517303466797,9.934
0,5,-12.041025,-77.043454,2,766.1136474609375,511.842,32.98001480102539,28.668,18.638404846191406,10.03
1,5,-12.041025,-77.043454,3,700.0736694335938,511.842,29.633190155029297,28.668,16.184734344482422,10.03
2,5,-12.041025,-77.043454,4,577.3425903320312,511.842,28.895605087280273,28.668,13.810432434082031,10.03
3,5,-12.041025,-77.043454,5,597.5458984375,511.842,29.016891479492188,28.668,12.705080032348633,10.03
4,5,-12.041025,-77.043454,6,674.7114868164062,511.842,28.829896926879883,28.668,12.2702054977417,10.03
5,5,-12.041025,-77.043454,7,701.03076171875,511.842,27.478099822998047,28.668,11.809999465942383,10.03
0,6,-12.041025,-77.043454,2,820.113037109375,711.465,37.54001235961914,33.325,26.52378273010254,15.339
1,6,-12.041025,-77.043454,3,752.0809936523438,711.465,35.267127990722656,33.325,23.840665817260742,15.339
2,6,-12.041025,-77.043454,4,639.9856567382812,711.465,34.632816314697266,33.325,20.111812591552734,15.339
3,6,-12.041025,-77.043454,5,664.0785522460938,711.465,34.40543746948242,33.325,18.61016082763672,15.339
4,6,-12.041025,-77.043454,6,764.2684936523438,711.465,34.36452865600586,33.325,18.543630599975586,15.339
5,6,-12.041025,-77.043454,7,777.7026977539062,711.465,33.18450927734375,33.325,17.768768310546875,15.339
0,1,-12.044226,-77.050832,2,644.5026245117188,484.475,21.63349723815918,14.984,33.678550720214844,22.156
1,1,-12.044226,-77.050832,3,737.7769165039062,484.475,22.97140121459961,14.984,37.27988815307617,22.156
2,1,-12.044226,-77.050832,4,760.7133178710938,484.475,22.80129051208496,14.984,33.02241134643555,22.156
3,1,-12.044226,-77.050832,5,669.5530395507812,484.475,21.47059440612793,14.984,29.85483741760254,22.156
4,1,-12.044226,-77.050832,6,742.1769409179688,484.475,21.023469924926758,14.984,29.304832458496094,22.156
5,1,-12.044226,-77.050832,7,771.957275390625,484.475,18.924257278442383,14.984,28.20020866394043,22.156
0,2,-12.044226,-77.050832,2,497.3519592285156,459.057,22.92851448059082,17.578,23.10353660583496,16.781
1,2,-12.044226,-77.050832,3,559.7525634765625,459.057,25.337135314941406,17.578,23.91473388671875,16.781
2,2,-12.044226,-77.050832,4,584.181396484375,459.057,23.814260482788086,17.578,21.158884048461914,16.781
3,2,-12.044226,-77.050832,5,496.9078063964844,459.057,21.787750244140625,17.578,19.377456665039062,16.781
4,2,-12.044226,-77.050832,6,575.6021118164062,459.057,20.76839828491211,17.578,19.162700653076172,16.781
5,2,-12.044226,-77.050832,7,575.2056274414062,459.057,19.018579483032227,17.578,18.76057243347168,16.781
0,3,-12.044226,-77.050832,2,454.768798828125,485.196,19.806005477905273,12.544,19.050037384033203,13.172
1,3,-12.044226,-77.050832,3,515.3936767578125,485.196,23.29985237121582,12.544,20.676776885986328,13.172
2,3,-12.044226,-77.050832,4,547.5794677734375,485.196,23.559906005859375,12.544,18.518953323364258,13.172
3,3,-12.044226,-77.050832,5,459.1610107421875,485.196,20.988849639892578,12.544,16.9813175201416,13.172
4,3,-12.044226,-77.050832,6,540.7349243164062,485.196,19.716466903686523,12.544,16.689746856689453,13.172
5,3,-12.044226,-77.050832,7,595.6095581054688,485.196,18.42988395690918,12.544,16.299041748046875,13.172
0,4,-12.044226,-77.050832,2,447.8183288574219,471.846,25.38600730895996,18.914,14.581527709960938,10.828
1,4,-12.044226,-77.050832,3,534.2230834960938,471.846,26.841747283935547,18.914,15.692410469055176,10.828
2,4,-12.044226,-77.050832,4,560.0451049804688,471.846,26.7370548248291,18.914,13.965703964233398,10.828
3,4,-12.044226,-77.050832,5,478.46014404296875,471.846,25.722213745117188,18.914,12.73692798614502,10.828
4,4,-12.044226,-77.050832,6,580.418212890625,471.846,25.269319534301758,18.914,13.183465957641602,10.828
5,4,-12.044226,-77.050832,7,631.807861328125,471.846,23.912179946899414,18.914,12.840804100036621,10.828
0,5,-12.044226,-77.050832,2,595.3004760742188,567.983,30.602012634277344,22.939,15.654534339904785,11.277
1,5,-12.044226,-77.050832,3,681.3591918945312,567.983,31.542722702026367,22.939,15.769028663635254,11.277
2,5,-12.044226,-77.050832,4,680.6076049804688,567.983,31.032512664794922,22.939,13.897659301757812,11.277
3,5,-12.044226,-77.050832,5,586.3181762695312,567.983,30.16258430480957,22.939,12.45568561553955,11.277
4,5,-12.044226,-77.050832,6,665.354736328125,567.983,29.784631729125977,22.939,12.062381744384766,11.277
5,5,-12.044226,-77.050832,7,693.0106811523438,567.983,28.29644012451172,22.939,11.631869316101074,11.277
0,6,-12.044226,-77.050832,2,772.525390625,616.006,35.27301025390625,30.721,23.941051483154297,18.474
1,6,-12.044226,-77.050832,3,783.898193359375,616.006,36.13505172729492,30.721,22.79564094543457,18.474
2,6,-12.044226,-77.050832,4,778.0340576171875,616.006,35.475250244140625,30.721,20.247577667236328,18.474
3,6,-12.044226,-77.050832,5,683.1688842773438,616.006,34.926185607910156,30.721,17.983196258544922,18.474
4,6,-12.044226,-77.050832,6,780.1763916015625,616.006,34.79848098754883,30.721,18.02116584777832,18.474
5,6,-12.044226,-77.050832,7,791.3378295898438,616.006,33.55646896362305,30.721,17.320951461791992,18.474
0,1,-12.0466667,-77.080277778,2,451.92608642578125,282.082,14.905890464782715,25.8,21.83405303955078,34.868
1,1,-12.0466667,-77.080277778,3,462.7764892578125,282.082,14.931928634643555,25.8,21.941375732421875,34.868
2,1,-12.0466667,-77.080277778,4,532.8046264648438,282.082,16.52033233642578,25.8,26.99246597290039,34.868
3,1,-12.0466667,-77.080277778,5,535.4716796875,282.082,17.612730026245117,25.8,26.636550903320312,34.868
4,1,-12.0466667,-77.080277778,6,600.2859497070312,282.082,18.951934814453125,25.8,29.611148834228516,34.868
5,1,-12.0466667,-77.080277778,7,633.037353515625,282.082,19.429004669189453,25.8,28.273815155029297,34.868
0,2,-12.0466667,-77.080277778,2,528.7552490234375,258.836,18.40365982055664,30.106,20.005535125732422,28.852
1,2,-12.0466667,-77.080277778,3,505.5208435058594,258.836,18.128419876098633,30.106,18.930614471435547,28.852
2,2,-12.0466667,-77.080277778,4,522.8151245117188,258.836,19.94046974182129,30.106,21.504680633544922,28.852
3,2,-12.0466667,-77.080277778,5,502.2530822753906,258.836,20.048582077026367,30.106,20.599891662597656,28.852
4,2,-12.0466667,-77.080277778,6,532.6385498046875,258.836,21.733020782470703,30.106,21.422842025756836,28.852
5,2,-12.0466667,-77.080277778,7,550.4727172851562,258.836,21.377687454223633,30.106,20.203996658325195,28.852
0,3,-12.0466667,-77.080277778,2,576.9838256835938,235.562,16.31804084777832,28.6,19.49307632446289,25.096
1,3,-12.0466667,-77.080277778,3,546.3857421875,235.562,15.059938430786133,28.6,17.385902404785156,25.096
2,3,-12.0466667,-77.080277778,4,556.1366577148438,235.562,16.49532699584961,28.6,19.32134437561035,25.096
3,3,-12.0466667,-77.080277778,5,509.736572265625,235.562,16.95848846435547,28.6,18.051599502563477,25.096
4,3,-12.0466667,-77.080277778,6,530.888671875,235.562,19.180171966552734,28.6,19.031450271606445,25.096
5,3,-12.0466667,-77.080277778,7,547.0679321289062,235.562,19.91738510131836,28.6,18.033403396606445,25.096
0,4,-12.0466667,-77.080277778,2,719.587158203125,250.332,27.800884246826172,31.657,19.32500648498535,22.133
1,4,-12.0466667,-77.080277778,3,637.0009765625,250.332,24.838380813598633,31.657,16.49247169494629,22.133
2,4,-12.0466667,-77.080277778,4,623.8986206054688,250.332,25.265323638916016,31.657,17.17666244506836,22.133
3,4,-12.0466667,-77.080277778,5,561.322998046875,250.332,25.057445526123047,31.657,15.728045463562012,22.133
4,4,-12.0466667,-77.080277778,6,585.6085815429688,250.332,25.840131759643555,31.657,16.09241485595703,22.133
5,4,-12.0466667,-77.080277778,7,593.0232543945312,250.332,25.92340850830078,31.657,15.048508644104004,22.133
0,5,-12.0466667,-77.080277778,2,962.2843627929688,297.646,34.45798110961914,35.709,23.05303955078125,27.026
1,5,-12.0466667,-77.080277778,3,830.84130859375,297.646,30.61804962158203,35.709,19.127418518066406,27.026
2,5,-12.0466667,-77.080277778,4,792.8172607421875,297.646,31.097578048706055,35.709,19.665359497070312,27.026
3,5,-12.0466667,-77.080277778,5,736.618896484375,297.646,30.611635208129883,35.709,17.738174438476562,27.026
4,5,-12.0466667,-77.080277778,6,756.09521484375,297.646,31.08041763305664,35.709,17.448110580444336,27.026
5,5,-12.0466667,-77.080277778,7,744.98779296875,297.646,30.854900360107422,35.709,16.13878631591797,27.026
0,6,-12.0466667,-77.080277778,2,911.924560546875,305.507,38.60954666137695,39.292,30.037111282348633,38.059
1,6,-12.0466667,-77.080277778,3,813.2781372070312,305.507,35.9798469543457,39.292,26.182470321655273,38.059
2,6,-12.0466667,-77.080277778,4,818.3552856445312,305.507,36.2901611328125,39.292,27.77273941040039,38.059
3,6,-12.0466667,-77.080277778,5,796.9759521484375,305.507,35.69709396362305,39.292,25.285844802856445,38.059
4,6,-12.0466667,-77.080277778,6,798.587158203125,305.507,36.057456970214844,39.292,24.488943099975586,38.059
5,6,-12.0466667,-77.080277778,7,793.1373291015625,305.507,35.69148635864258,39.292,22.790878295898438,38.059
0,1,-12.0450749,-77.0278449,2,1634.657958984375,950.625,16.560916900634766,6.33,24.566925048828125,21.573
1,1,-12.0450749,-77.0278449,3,1191.4368896484375,950.625,16.42328453063965,6.33,22.106412887573242,21.573
2,1,-12.0450749,-77.0278449,4,1100.9588623046875,950.625,17.890182495117188,6.33,21.642568588256836,21.573
3,1,-12.0450749,-77.0278449,5,1065.630615234375,950.625,19.441484451293945,6.33,26.210275650024414,21.573
4,1,-12.0450749,-77.0278449,6,1005.0780029296875,950.625,19.979442596435547,6.33,25.90520668029785,21.573
5,1,-12.0450749,-77.0278449,7,962.0735473632812,950.625,20.386566162109375,6.33,28.26243019104004,21.573
0,2,-12.0450749,-77.0278449,2,1463.2921142578125,572.827,14.511956214904785,8.5205,17.491477966308594,16.348
1,2,-12.0450749,-77.0278449,3,1024.826416015625,572.827,14.235319137573242,8.5205,15.745077133178711,16.348
2,2,-12.0450749,-77.0278449,4,932.9873046875,572.827,15.48796272277832,8.5205,15.03182315826416,16.348
3,2,-12.0450749,-77.0278449,5,883.3005981445312,572.827,18.42105484008789,8.5205,17.132776260375977,16.348
4,2,-12.0450749,-77.0278449,6,829.6015625,572.827,18.94791603088379,8.5205,16.907297134399414,16.348
5,2,-12.0450749,-77.0278449,7,791.6790161132812,572.827,19.25753402709961,8.5205,19.074771881103516,16.348
0,3,-12.0450749,-77.0278449,2,1382.9822998046875,924.831,11.859943389892578,10.711,14.651978492736816,13.955
1,3,-12.0450749,-77.0278449,3,957.17724609375,924.831,11.474982261657715,10.711,13.378385543823242,13.955
2,3,-12.0450749,-77.0278449,4,878.9168701171875,924.831,14.691168785095215,10.711,13.045296669006348,13.955
3,3,-12.0450749,-77.0278449,5,830.4622192382812,924.831,17.810211181640625,10.711,15.222151756286621,13.955
4,3,-12.0450749,-77.0278449,6,768.6753540039062,924.831,18.298545837402344,10.711,14.734590530395508,13.955
5,3,-12.0450749,-77.0278449,7,737.4149780273438,924.831,18.69565200805664,10.711,16.017499923706055,13.955
0,4,-12.0450749,-77.0278449,2,1611.64208984375,940.121,21.991962432861328,15.77,12.595394134521484,10.785
1,4,-12.0450749,-77.0278449,3,1125.164306640625,940.121,21.882312774658203,15.77,11.004345893859863,10.785
2,4,-12.0450749,-77.0278449,4,1003.2520751953125,940.121,23.0174617767334,15.77,10.4497709274292,10.785
3,4,-12.0450749,-77.0278449,5,944.0078125,940.121,24.36451530456543,15.77,11.942558288574219,10.785
4,4,-12.0450749,-77.0278449,6,884.2078247070312,940.121,25.915708541870117,15.77,11.605441093444824,10.785
5,4,-12.0450749,-77.0278449,7,831.3694458007812,940.121,25.81188201904297,15.77,12.471899032592773,10.785
0,5,-12.0450749,-77.0278449,2,1650.4136962890625,858.933,26.947463989257812,19.368,9.776488304138184,9.049
1,5,-12.0450749,-77.0278449,3,1170.025634765625,858.933,26.85931396484375,19.368,8.74704647064209,9.049
2,5,-12.0450749,-77.0278449,4,1047.110107421875,858.933,27.51997184753418,19.368,8.63128662109375,9.049
3,5,-12.0450749,-77.0278449,5,1008.3822631835938,858.933,28.70073127746582,19.368,10.104571342468262,9.049
4,5,-12.0450749,-77.0278449,6,963.8771362304688,858.933,29.573673248291016,19.368,10.26915454864502,9.049
5,5,-12.0450749,-77.0278449,7,911.8405151367188,858.933,29.54757308959961,19.368,11.228378295898438,9.049
0,6,-12.0450749,-77.0278449,2,1832.889404296875,858.301,32.362430572509766,26.105,16.842449188232422,13.12
1,6,-12.0450749,-77.0278449,3,1323.1937255859375,858.301,32.484947204589844,26.105,14.203770637512207,13.12
2,6,-12.0450749,-77.0278449,4,1182.509033203125,858.301,32.73770523071289,26.105,13.803836822509766,13.12
3,6,-12.0450749,-77.0278449,5,1107.338623046875,858.301,33.761924743652344,26.105,15.14401626586914,13.12
4,6,-12.0450749,-77.0278449,6,1070.406005859375,858.301,34.54716110229492,26.105,15.707221031188965,13.12
5,6,-12.0450749,-77.0278449,7,1052.58837890625,858.301,34.76001739501953,26.105,17.21749496459961,13.12
0,1,-12.047538,-77.035366,2,1014.7930297851562,829.517,22.217422485351562,22.291,35.5182991027832,20.251
1,1,-12.047538,-77.035366,3,778.1732788085938,829.517,20.194307327270508,22.291,29.40727424621582,20.251
2,1,-12.047538,-77.035366,4,821.287841796875,829.517,16.728097915649414,22.291,27.448631286621094,20.251
3,1,-12.047538,-77.035366,5,797.4966430664062,829.517,17.916372299194336,22.291,26.834857940673828,20.251
4,1,-12.047538,-77.035366,6,1025.2615966796875,829.517,17.31927490234375,22.291,26.125505447387695,20.251
5,1,-12.047538,-77.035366,7,956.8240356445312,829.517,17.985294342041016,22.291,25.995162963867188,20.251
0,2,-12.047538,-77.035366,2,826.7982177734375,657.462,22.912837982177734,19.246,21.812915802001953,12.892
1,2,-12.047538,-77.035366,3,600.4769287109375,657.462,19.83592987060547,19.246,18.62598419189453,12.892
2,2,-12.047538,-77.035366,4,593.564208984375,657.462,17.00696563720703,19.246,18.056467056274414,12.892
3,2,-12.047538,-77.035366,5,587.0768432617188,657.462,17.922042846679688,19.246,17.601137161254883,12.892
4,2,-12.047538,-77.035366,6,815.4945068359375,657.462,17.160324096679688,19.246,17.483274459838867,12.892
5,2,-12.047538,-77.035366,7,759.00390625,657.462,17.634647369384766,19.246,17.411529541015625,12.892
0,3,-12.047538,-77.035366,2,792.6085205078125,644.129,21.820810317993164,24.34,19.580902099609375,12.046
1,3,-12.047538,-77.035366,3,563.5751953125,644.129,18.115585327148438,24.34,16.664304733276367,12.046
2,3,-12.047538,-77.035366,4,653.892578125,644.129,16.26436996459961,24.34,15.986952781677246,12.046
3,3,-12.047538,-77.035366,5,615.0646362304688,644.129,17.159564971923828,24.34,15.24890422821045,12.046
4,3,-12.047538,-77.035366,6,815.45849609375,644.129,16.027070999145508,24.34,15.052742004394531,12.046
5,3,-12.047538,-77.035366,7,745.2802734375,644.129,16.424724578857422,24.34,14.755672454833984,12.046
0,4,-12.047538,-77.035366,2,898.6002807617188,637.505,26.378923416137695,26.423,16.66497230529785,8.786
1,4,-12.047538,-77.035366,3,649.7806396484375,637.505,24.806968688964844,26.423,13.717350959777832,8.786
2,4,-12.047538,-77.035366,4,722.3684692382812,637.505,22.54764175415039,26.423,12.984235763549805,8.786
3,4,-12.047538,-77.035366,5,694.939453125,637.505,24.77248764038086,26.423,12.37134075164795,8.786
4,4,-12.047538,-77.035366,6,934.6425170898438,637.505,24.140201568603516,26.423,11.938591003417969,8.786
5,4,-12.047538,-77.035366,7,845.5673828125,637.505,24.152456283569336,26.423,11.652256965637207,8.786
0,5,-12.047538,-77.035366,2,956.9888305664062,678.353,30.65943717956543,29.502,13.046934127807617,8.284
1,5,-12.047538,-77.035366,3,707.7203369140625,678.353,29.333974838256836,29.502,10.927315711975098,8.284
2,5,-12.047538,-77.035366,4,745.52490234375,678.353,26.84238624572754,29.502,10.457718849182129,8.284
3,5,-12.047538,-77.035366,5,744.694091796875,678.353,28.261619567871094,29.502,10.584585189819336,8.284
4,5,-12.047538,-77.035366,6,993.9721069335938,678.353,27.884660720825195,29.502,10.396642684936523,8.284
5,5,-12.047538,-77.035366,7,925.10498046875,678.353,27.996553421020508,29.502,10.344271659851074,8.284
0,6,-12.047538,-77.035366,2,1035.9161376953125,760.443,36.009456634521484,33.496,19.357975006103516,12.604
1,6,-12.047538,-77.035366,3,791.8544921875,760.443,34.91632080078125,33.496,15.880692481994629,12.604
2,6,-12.047538,-77.035366,4,808.4667358398438,760.443,32.71340560913086,33.496,15.1904935836792,12.604
3,6,-12.047538,-77.035366,5,823.9263916015625,760.443,33.865413665771484,33.496,15.857047080993652,12.604
4,6,-12.047538,-77.035366,6,1086.7137451171875,760.443,33.315311431884766,33.496,15.793201446533203,12.604
5,6,-12.047538,-77.035366,7,1033.1134033203125,760.443,33.31669616699219,33.496,15.728323936462402,12.604
0,1,-12.054722,-77.029722,2,1496.791748046875,702.341,18.31231689453125,22.669,21.415054321289062,24.38
1,1,-12.054722,-77.029722,3,1366.287353515625,702.341,18.470874786376953,22.669,23.12833595275879,24.38
2,1,-12.054722,-77.029722,4,1262.37158203125,702.341,15.435649871826172,22.669,22.739501953125,24.38
3,1,-12.054722,-77.029722,5,1194.762939453125,702.341,17.477813720703125,22.669,27.0877742767334,24.38
4,1,-12.054722,-77.029722,6,1046.462646484375,702.341,17.256187438964844,22.669,25.4373779296875,24.38
5,1,-12.054722,-77.029722,7,974.9956665039062,702.341,17.931228637695312,22.669,25.40532875061035,24.38
0,2,-12.054722,-77.029722,2,1307.511474609375,561.13,16.298864364624023,21.582,14.893092155456543,15.78
1,2,-12.054722,-77.029722,3,1194.69189453125,561.13,16.089914321899414,21.582,15.9583740234375,15.78
2,2,-12.054722,-77.029722,4,1039.225341796875,561.13,14.197556495666504,21.582,16.0557804107666,15.78
3,2,-12.054722,-77.029722,5,968.2927856445312,561.13,17.38867950439453,21.582,17.95192527770996,15.78
4,2,-12.054722,-77.029722,6,831.5537719726562,561.13,16.770923614501953,21.582,17.001976013183594,15.78
5,2,-12.054722,-77.029722,7,772.7684326171875,561.13,17.30087661743164,21.582,16.998979568481445,15.78
0,3,-12.054722,-77.029722,2,1230.76953125,459.768,17.352176666259766,20.74,13.059046745300293,12.297
1,3,-12.054722,-77.029722,3,1136.7069091796875,459.768,16.019811630249023,20.74,13.783349990844727,12.297
2,3,-12.054722,-77.029722,4,1083.73779296875,459.768,14.692605972290039,20.74,13.826262474060059,12.297
3,3,-12.054722,-77.029722,5,994.3217163085938,459.768,17.811323165893555,20.74,15.846905708312988,12.297
4,3,-12.054722,-77.029722,6,846.190673828125,459.768,16.626983642578125,20.74,15.010954856872559,12.297
5,3,-12.054722,-77.029722,7,771.6216430664062,459.768,16.93895149230957,20.74,14.719850540161133,12.297
0,4,-12.054722,-77.029722,2,1385.322998046875,585.234,23.70087432861328,33.671,9.280522346496582,9.92
1,4,-12.054722,-77.029722,3,1286.9415283203125,585.234,23.468921661376953,33.671,11.325642585754395,9.92
2,4,-12.054722,-77.029722,4,1200.236328125,585.234,21.544187545776367,33.671,11.190481185913086,9.92
3,4,-12.054722,-77.029722,5,1101.597900390625,585.234,23.185863494873047,33.671,12.535115242004395,9.92
4,4,-12.054722,-77.029722,6,943.3599853515625,585.234,22.932064056396484,33.671,11.749627113342285,9.92
5,4,-12.054722,-77.029722,7,853.038330078125,585.234,23.116891860961914,33.671,11.490281105041504,9.92
0,5,-12.054722,-77.029722,2,1459.3489990234375,741.371,27.750919342041016,33.938,8.870527267456055,11.092
1,5,-12.054722,-77.029722,3,1326.4052734375,741.371,27.7989444732666,33.938,9.279009819030762,11.092
2,5,-12.054722,-77.029722,4,1209.5369873046875,741.371,25.691204071044922,33.938,9.22150707244873,11.092
3,5,-12.054722,-77.029722,5,1138.325927734375,741.371,27.23768424987793,33.938,10.576735496520996,11.092
4,5,-12.054722,-77.029722,6,983.4734497070312,741.371,27.145240783691406,33.938,9.92863941192627,11.092
5,5,-12.054722,-77.029722,7,916.10498046875,741.371,27.36275291442871,33.938,9.943117141723633,11.092
0,6,-12.054722,-77.029722,2,1580.537353515625,885.759,32.030433654785156,38.473,14.039066314697266,18.523
1,6,-12.054722,-77.029722,3,1475.4202880859375,885.759,32.74027633666992,38.473,15.429683685302734,18.523
2,6,-12.054722,-77.029722,4,1321.14013671875,885.759,31.081453323364258,38.473,14.852261543273926,18.523
3,6,-12.054722,-77.029722,5,1218.245849609375,885.759,32.436893463134766,38.473,15.98275089263916,18.523
4,6,-12.054722,-77.029722,6,1065.831298828125,885.759,32.485740661621094,38.473,14.806673049926758,18.523
5,6,-12.054722,-77.029722,7,1015.213134765625,885.759,32.605621337890625,38.473,14.882711410522461,18.523
0,1,-12.044236,-77.012467,2,1557.3311767578125,704.079,10.332106590270996,22.829,22.076013565063477,42.404
1,1,-12.044236,-77.012467,3,1406.6492919921875,704.079,13.150646209716797,22.829,23.568960189819336,42.404
2,1,-12.044236,-77.012467,4,1230.5657958984375,704.079,15.530323028564453,22.829,23.771728515625,42.404
3,1,-12.044236,-77.012467,5,1045.4503173828125,704.079,15.653849601745605,22.829,22.4544734954834,42.404
4,1,-12.044236,-77.012467,6,1009.4627685546875,704.079,16.760000228881836,22.829,22.08724021911621,42.404
5,1,-12.044236,-77.012467,7,997.2988891601562,704.079,18.02950096130371,22.829,25.286314010620117,42.404
0,2,-12.044236,-77.012467,2,1265.1824951171875,564.172,10.936314582824707,21.115,16.621007919311523,32.078
1,2,-12.044236,-77.012467,3,1166.4735107421875,564.172,12.514824867248535,21.115,17.110322952270508,32.078
2,2,-12.044236,-77.012467,4,1015.1320190429688,564.172,14.781702995300293,21.115,16.777729034423828,32.078
3,2,-12.044236,-77.012467,5,841.6827392578125,564.172,14.561777114868164,21.115,15.872645378112793,32.078
4,2,-12.044236,-77.012467,6,810.9804077148438,564.172,15.342452049255371,21.115,15.375889778137207,32.078
5,2,-12.044236,-77.012467,7,792.9190673828125,564.172,17.458269119262695,21.115,16.827396392822266,32.078
0,3,-12.044236,-77.012467,2,1371.10546875,549.876,10.537995338439941,21.078,14.013501167297363,23.714
1,3,-12.044236,-77.012467,3,1230.266845703125,549.876,11.476966857910156,21.078,14.419654846191406,23.714
2,3,-12.044236,-77.012467,4,1037.635009765625,549.876,13.792810440063477,21.078,13.888971328735352,23.714
3,3,-12.044236,-77.012467,5,851.2208251953125,549.876,13.175291061401367,21.078,13.277419090270996,23.714
4,3,-12.044236,-77.012467,6,816.706787109375,549.876,15.036006927490234,21.078,13.072190284729004,23.714
5,3,-12.044236,-77.012467,7,790.9835205078125,549.876,17.214597702026367,21.078,14.62321949005127,23.714
0,4,-12.044236,-77.012467,2,1536.6124267578125,514.379,18.374568939208984,25.189,10.279986381530762,17.67
1,4,-12.044236,-77.012467,3,1387.8040771484375,514.379,19.91799545288086,25.189,11.991935729980469,17.67
2,4,-12.044236,-77.012467,4,1187.1541748046875,514.379,23.356374740600586,25.189,11.473932266235352,17.67
3,4,-12.044236,-77.012467,5,980.1639404296875,514.379,23.017723083496094,25.189,10.743596076965332,17.67
4,4,-12.044236,-77.012467,6,923.0562133789062,514.379,23.585247039794922,25.189,10.417342185974121,17.67
5,4,-12.044236,-77.012467,7,892.1954956054688,514.379,24.466306686401367,25.189,11.48823356628418,17.67
0,5,-12.044236,-77.012467,2,1549.6214599609375,599.66,22.6840877532959,29.391,9.253005027770996,16.983
1,5,-12.044236,-77.012467,3,1386.589599609375,599.66,24.421003341674805,29.391,9.533994674682617,16.983
2,5,-12.044236,-77.012467,4,1225.2789306640625,599.66,26.80034065246582,29.391,9.923510551452637,16.983
3,5,-12.044236,-77.012467,5,1022.0718994140625,599.66,26.776874542236328,29.391,9.276453018188477,16.983
4,5,-12.044236,-77.012467,6,964.78759765625,599.66,27.23104476928711,29.391,9.11104965209961,16.983
5,5,-12.044236,-77.012467,7,948.8849487304688,599.66,28.115703582763672,29.391,10.094844818115234,16.983
0,6,-12.044236,-77.012467,2,1629.4490966796875,945.696,28.335060119628906,36.037,14.29703140258789,26.278
1,6,-12.044236,-77.012467,3,1508.030029296875,945.696,30.276643753051758,36.037,15.601645469665527,26.278
2,6,-12.044236,-77.012467,4,1352.45654296875,945.696,32.325809478759766,36.037,16.33201026916504,26.278
3,6,-12.044236,-77.012467,5,1142.7239990234375,945.696,32.40664291381836,36.037,14.850910186767578,26.278
4,6,-12.044236,-77.012467,6,1079.0128173828125,945.696,32.58819580078125,36.037,14.476439476013184,26.278
5,6,-12.044236,-77.012467,7,1040.1048583984375,945.696,33.34112548828125,36.037,15.337614059448242,26.278
0,1,-12.051526,-77.077941,2,378.5296936035156,428.887,19.191007614135742,17.229,28.90855598449707,20.718
1,1,-12.051526,-77.077941,3,413.8479309082031,428.887,17.78854751586914,17.229,26.657503128051758,20.718
2,1,-12.051526,-77.077941,4,496.1103820800781,428.887,18.66274642944336,17.229,30.52951431274414,20.718
3,1,-12.051526,-77.077941,5,506.1168212890625,428.887,19.326644897460938,17.229,29.466136932373047,20.718
4,1,-12.051526,-77.077941,6,575.8248291015625,428.887,20.380172729492188,17.229,31.96910285949707,20.718
5,1,-12.051526,-77.077941,7,612.0714111328125,428.887,20.65318489074707,17.229,30.294862747192383,20.718
0,2,-12.051526,-77.077941,2,412.2199401855469,491.926,25.94668960571289,15.019,24.797197341918945,19.268
1,2,-12.051526,-77.077941,3,427.83367919921875,491.926,23.156879425048828,15.019,22.124895095825195,19.268
2,2,-12.051526,-77.077941,4,464.5519104003906,491.926,23.711713790893555,15.019,23.900348663330078,19.268
3,2,-12.051526,-77.077941,5,455.64312744140625,491.926,23.065526962280273,15.019,22.516382217407227,19.268
4,2,-12.051526,-77.077941,6,493.79815673828125,491.926,24.24709129333496,15.019,23.019882202148438,19.268
5,2,-12.051526,-77.077941,7,517.181884765625,491.926,23.53255271911621,15.019,21.572847366333008,19.268
0,3,-12.051526,-77.077941,2,377.85211181640625,633.852,22.890073776245117,15.455,23.112852096557617,17.856
1,3,-12.051526,-77.077941,3,413.6365966796875,633.852,19.441076278686523,15.455,19.798940658569336,17.856
2,3,-12.051526,-77.077941,4,456.5782165527344,633.852,19.781091690063477,15.455,21.131088256835938,17.856
3,3,-12.051526,-77.077941,5,430.0907287597656,633.852,19.587059020996094,15.455,19.499357223510742,17.856
4,3,-12.051526,-77.077941,6,464.51904296875,633.852,21.37061309814453,15.455,20.237892150878906,17.856
5,3,-12.051526,-77.077941,7,490.1810302734375,633.852,21.79486846923828,15.455,19.06746482849121,17.856
0,4,-12.051526,-77.077941,2,406.774169921875,875.996,28.497764587402344,30.263,20.805400848388672,19.172
1,4,-12.051526,-77.077941,3,428.4667053222656,875.996,25.302892684936523,30.263,17.479305267333984,19.172
2,4,-12.051526,-77.077941,4,467.5029296875,875.996,25.61370086669922,30.263,17.916772842407227,19.172
3,4,-12.051526,-77.077941,5,436.20794677734375,875.996,25.33614158630371,30.263,16.320106506347656,19.172
4,4,-12.051526,-77.077941,6,481.34893798828125,875.996,26.072378158569336,30.263,16.58578872680664,19.172
5,4,-12.051526,-77.077941,7,503.6599426269531,875.996,26.122474670410156,30.263,15.471384048461914,19.172
0,5,-12.051526,-77.077941,2,537.7999267578125,1146.668,34.86943817138672,34.886,25.4683837890625,22.195
1,5,-12.051526,-77.077941,3,547.86181640625,1146.668,30.89227294921875,34.886,20.737503051757812,22.195
2,5,-12.051526,-77.077941,4,580.5891723632812,1146.668,31.303245544433594,34.886,20.87289047241211,22.195
3,5,-12.051526,-77.077941,5,566.8387451171875,1146.668,30.776159286499023,34.886,18.704160690307617,22.195
4,5,-12.051526,-77.077941,6,614.6156005859375,1146.668,31.2175235748291,34.886,18.253076553344727,22.195
5,5,-12.051526,-77.077941,7,623.72216796875,1146.668,30.972415924072266,34.886,16.828731536865234,22.195
0,6,-12.051526,-77.077941,2,513.7310180664062,1101.943,39.458011627197266,37.595,35.23678970336914,27.659
1,6,-12.051526,-77.077941,3,547.8257446289062,1101.943,36.54541778564453,37.595,29.648696899414062,27.659
2,6,-12.051526,-77.077941,4,619.2726440429688,1101.943,36.71432876586914,37.595,30.372344970703125,27.659
3,6,-12.051526,-77.077941,5,637.71240234375,1101.943,36.036415100097656,37.595,27.36546516418457,27.659
4,6,-12.051526,-77.077941,6,665.8709716796875,1101.943,36.34021759033203,37.595,26.221906661987305,27.659
5,6,-12.051526,-77.077941,7,679.383056640625,1101.943,35.9338493347168,37.595,24.27623176574707,27.659
0,1,-12.042525,-77.033486,2,1014.7930297851562,304.925,22.217422485351562,16.148,35.5182991027832,17.185
1,1,-12.042525,-77.033486,3,953.0341186523438,304.925,22.2419490814209,16.148,30.429180145263672,17.185
2,1,-12.042525,-77.033486,4,952.4318237304688,304.925,18.26383399963379,16.148,28.215065002441406,17.185
3,1,-12.042525,-77.033486,5,871.1810302734375,304.925,19.007396697998047,16.148,27.614709854125977,17.185
4,1,-12.042525,-77.033486,6,1086.6712646484375,304.925,18.228425979614258,16.148,26.775348663330078,17.185
5,1,-12.042525,-77.033486,7,1031.7623291015625,304.925,18.86284637451172,16.148,26.43312644958496,17.185
0,2,-12.042525,-77.033486,2,826.7982177734375,147.826,22.912837982177734,13.682,21.812915802001953,12.252
1,2,-12.042525,-77.033486,3,770.3526000976562,147.826,21.690553665161133,13.682,18.839265823364258,12.252
2,2,-12.042525,-77.033486,4,720.9696044921875,147.826,18.39793586730957,13.682,18.2164306640625,12.252
3,2,-12.042525,-77.033486,5,660.7836303710938,147.826,18.81450843811035,13.682,17.96936798095703,12.252
4,2,-12.042525,-77.033486,6,876.9228515625,147.826,17.904006958007812,13.682,17.790122985839844,12.252
5,2,-12.042525,-77.033486,7,831.8058471679688,147.826,18.429479598999023,13.682,17.502939224243164,12.252
0,3,-12.042525,-77.033486,2,792.6085205078125,105.5,21.820810317993164,10.705,19.580902099609375,10.831
1,3,-12.042525,-77.033486,3,743.1151733398438,105.5,22.66054344177246,10.705,17.069259643554688,10.831
2,3,-12.042525,-77.033486,4,788.5455932617188,105.5,19.67306137084961,10.705,16.290668487548828,10.831
3,3,-12.042525,-77.033486,5,695.67529296875,105.5,19.50066566467285,10.705,15.627199172973633,10.831
4,3,-12.042525,-77.033486,6,882.6390991210938,105.5,17.977916717529297,10.705,15.367975234985352,10.831
5,3,-12.042525,-77.033486,7,822.223876953125,105.5,18.37253189086914,10.705,14.929227828979492,10.831
0,4,-12.042525,-77.033486,2,898.6002807617188,152.132,26.378923416137695,21.663,16.66497230529785,7.822
1,4,-12.042525,-77.033486,3,811.5682373046875,152.132,26.39361572265625,21.663,14.0386381149292,7.822
2,4,-12.042525,-77.033486,4,843.7074584960938,152.132,23.737627029418945,21.663,13.225202560424805,7.822
3,4,-12.042525,-77.033486,5,737.1838989257812,152.132,23.83529281616211,21.663,12.567025184631348,7.822
4,4,-12.042525,-77.033486,6,969.8530883789062,152.132,23.359201431274414,21.663,12.101645469665527,7.822
5,4,-12.042525,-77.033486,7,914.9029541015625,152.132,24.83243751525879,21.663,11.789956092834473,7.822
0,5,-12.042525,-77.033486,2,956.9888305664062,209.174,30.65943717956543,26.683,13.046934127807617,6.688
1,5,-12.042525,-77.033486,3,864.10986328125,209.174,30.273624420166016,26.683,11.459282875061035,6.688
2,5,-12.042525,-77.033486,4,862.8156127929688,209.174,27.547130584716797,26.683,10.856693267822266,6.688
3,5,-12.042525,-77.033486,5,792.6276245117188,209.174,27.771284103393555,26.683,10.691370010375977,6.688
4,5,-12.042525,-77.033486,6,1033.923828125,209.174,27.476041793823242,26.683,10.485623359680176,6.688
5,5,-12.042525,-77.033486,7,992.1270141601562,209.174,28.399255752563477,26.683,10.572256088256836,6.688
0,6,-12.042525,-77.033486,2,1035.9161376953125,303.722,36.009456634521484,32.73,19.357975006103516,8.926
1,6,-12.042525,-77.033486,3,944.0914306640625,303.722,35.171634674072266,32.73,17.10664176940918,8.926
2,6,-12.042525,-77.033486,4,922.6431274414062,303.722,32.904903411865234,32.73,16.109949111938477,8.926
3,6,-12.042525,-77.033486,5,880.4115600585938,303.722,32.988914489746094,32.73,15.955774307250977,8.926
4,6,-12.042525,-77.033486,6,1133.7919921875,303.722,32.58489227294922,32.73,15.875471115112305,8.926
5,6,-12.042525,-77.033486,7,1098.355712890625,303.722,33.42612075805664,32.73,16.253721237182617,8.926
0,1,-12.046736,-77.047594,2,515.3074951171875,742.865,18.483057022094727,21.285,23.684524536132812,42.144
1,1,-12.046736,-77.047594,3,651.651123046875,742.865,20.871196746826172,21.285,30.617481231689453,42.144
2,1,-12.046736,-77.047594,4,696.1207885742188,742.865,21.226173400878906,21.285,28.025676727294922,42.144
3,1,-12.046736,-77.047594,5,617.878662109375,742.865,20.210500717163086,21.285,25.857460021972656,42.144
4,1,-12.046736,-77.047594,6,699.1160278320312,742.865,19.97340202331543,21.285,25.973724365234375,42.144
5,1,-12.046736,-77.047594,7,699.5768432617188,742.865,20.358535766601562,21.285,25.74601936340332,42.144
0,2,-12.046736,-77.047594,2,439.53369140625,574.692,19.029523849487305,25.376,16.88100242614746,29.226
1,2,-12.046736,-77.047594,3,521.2092895507812,574.692,22.737930297851562,25.376,19.76652717590332,29.226
2,2,-12.046736,-77.047594,4,555.2748413085938,574.692,21.864885330200195,25.376,18.047773361206055,29.226
3,2,-12.046736,-77.047594,5,473.7820129394531,574.692,20.228246688842773,25.376,16.888574600219727,29.226
4,2,-12.046736,-77.047594,6,556.3314208984375,574.692,19.468822479248047,25.376,17.088659286499023,29.226
5,2,-12.046736,-77.047594,7,557.0170288085938,574.692,19.770742416381836,25.376,16.901683807373047,29.226
0,3,-12.046736,-77.047594,2,404.67169189453125,585.386,15.677550315856934,20.801,13.072498321533203,25.127
1,3,-12.046736,-77.047594,3,481.9976501464844,585.386,20.547693252563477,20.801,16.69190788269043,25.127
2,3,-12.046736,-77.047594,4,522.5333862304688,585.386,21.495838165283203,20.801,15.530348777770996,25.127
3,3,-12.046736,-77.047594,5,439.1235656738281,585.386,19.337589263916016,20.801,14.59044361114502,25.127
4,3,-12.046736,-77.047594,6,524.037841796875,585.386,18.340425491333008,20.801,14.697376251220703,25.127
5,3,-12.046736,-77.047594,7,514.8552856445312,585.386,18.683263778686523,20.801,14.354422569274902,25.127
0,4,-12.046736,-77.047594,2,391.44122314453125,584.596,21.570043563842773,26.546,10.380992889404297,19.229
1,4,-12.046736,-77.047594,3,496.6408386230469,584.596,24.29787826538086,26.546,12.892163276672363,19.229
2,4,-12.046736,-77.047594,4,531.859375,584.596,24.82919692993164,26.546,11.865549087524414,19.229
3,4,-12.046736,-77.047594,5,455.9110412597656,584.596,24.195932388305664,26.546,11.056809425354004,19.229
4,4,-12.046736,-77.047594,6,561.6282958984375,584.596,23.9974308013916,26.546,11.7833890914917,19.229
5,4,-12.046736,-77.047594,7,565.0009765625,584.596,25.37954330444336,26.546,11.517156600952148,19.229
0,5,-12.046736,-77.047594,2,539.9120483398438,678.758,25.803546905517578,32.536,10.65349006652832,21.279
1,5,-12.046736,-77.047594,3,644.43603515625,678.758,28.343868255615234,32.536,12.435112953186035,21.279
2,5,-12.046736,-77.047594,4,652.9158935546875,678.758,28.633420944213867,32.536,11.397260665893555,21.279
3,5,-12.046736,-77.047594,5,564.1641845703125,678.758,28.243322372436523,32.536,10.45537281036377,21.279
4,5,-12.046736,-77.047594,6,646.8939208984375,678.758,28.185264587402344,32.536,10.39547348022461,21.279
5,5,-12.046736,-77.047594,7,660.392333984375,678.758,29.00718879699707,32.536,10.494990348815918,21.279
0,6,-12.046736,-77.047594,2,663.7362670898438,833.585,32.02302169799805,37.221,16.906475067138672,32.543
1,6,-12.046736,-77.047594,3,711.3746948242188,833.585,33.96847915649414,37.221,18.106063842773438,32.543
2,6,-12.046736,-77.047594,4,723.6426391601562,833.585,33.85034942626953,37.221,16.730449676513672,32.543
3,6,-12.046736,-77.047594,5,639.6553344726562,833.585,33.62627029418945,37.221,15.169501304626465,32.543
4,6,-12.046736,-77.047594,6,743.9163208007812,833.585,33.715232849121094,37.221,15.676450729370117,32.543
5,6,-12.046736,-77.047594,7,764.18212890625,833.585,34.39500045776367,37.221,16.083152770996094,32.543
0,1,-12.045394,-77.036852,2,567.2241821289062,924.311,19.21953773498535,25.647,18.718017578125,44.482
1,1,-12.045394,-77.036852,3,746.5765991210938,924.311,19.0756893157959,25.647,21.33039665222168,44.482
2,1,-12.045394,-77.036852,4,696.4713134765625,924.311,19.80220603942871,25.647,22.300966262817383,44.482
3,1,-12.045394,-77.036852,5,747.3048706054688,924.311,17.107616424560547,25.647,22.155364990234375,44.482
4,1,-12.045394,-77.036852,6,746.56494140625,924.311,17.80379867553711,25.647,25.486570358276367,44.482
5,1,-12.045394,-77.036852,7,949.07763671875,924.311,17.308061599731445,25.647,25.07115936279297,44.482
0,2,-12.045394,-77.036852,2,402.6470642089844,684.544,16.464033126831055,30.154,12.572004318237305,25.537
1,2,-12.045394,-77.036852,3,591.4503784179688,684.544,16.20001792907715,30.154,14.411038398742676,25.537
2,2,-12.045394,-77.036852,4,548.5940551757812,684.544,17.270174026489258,30.154,15.053475379943848,25.537
3,2,-12.045394,-77.036852,5,553.44091796875,684.544,15.520143508911133,30.154,15.312395095825195,25.537
4,2,-12.045394,-77.036852,6,556.9825439453125,684.544,17.162670135498047,30.154,17.631166458129883,25.537
5,2,-12.045394,-77.036852,7,757.0775756835938,684.544,16.61823272705078,30.154,17.525846481323242,25.537
0,3,-12.045394,-77.036852,2,374.8177490234375,636.634,17.5225830078125,30.287,11.438507080078125,23.93
1,3,-12.045394,-77.036852,3,566.07421875,636.634,16.13336181640625,30.287,12.70302963256836,23.93
2,3,-12.045394,-77.036852,4,505.59814453125,636.634,16.802715301513672,30.287,12.770516395568848,23.93
3,3,-12.045394,-77.036852,5,589.4493408203125,636.634,15.584305763244629,30.287,13.007426261901855,23.93
4,3,-12.045394,-77.036852,6,588.7721557617188,636.634,16.453693389892578,30.287,15.027213096618652,23.93
5,3,-12.045394,-77.036852,7,764.3025512695312,636.634,15.583788871765137,30.287,14.890740394592285,23.93
0,4,-12.045394,-77.036852,2,394.8214111328125,707.019,24.043027877807617,29.753,8.30400562286377,17.914
1,4,-12.045394,-77.036852,3,626.6098022460938,707.019,23.697011947631836,29.753,10.67471694946289,17.914
2,4,-12.045394,-77.036852,4,547.7235717773438,707.019,23.829248428344727,29.753,10.48955249786377,17.914
3,4,-12.045394,-77.036852,5,626.2073974609375,707.019,22.217309951782227,29.753,10.54864501953125,17.914
4,4,-12.045394,-77.036852,6,619.2726440429688,707.019,22.93870735168457,29.753,11.995269775390625,17.914
5,4,-12.045394,-77.036852,7,835.5523681640625,707.019,22.658720016479492,29.753,11.678054809570312,17.914
0,5,-12.045394,-77.036852,2,443.7663269042969,853.463,28.092517852783203,33.424,7.48600959777832,15.998
1,5,-12.045394,-77.036852,3,649.3515625,853.463,28.026676177978516,33.424,8.356022834777832,15.998
2,5,-12.045394,-77.036852,4,614.9769897460938,853.463,28.186994552612305,33.424,8.774482727050781,15.998
3,5,-12.045394,-77.036852,5,663.7708740234375,853.463,26.423097610473633,33.424,8.829389572143555,15.998
4,5,-12.045394,-77.036852,6,666.2685546875,853.463,27.441843032836914,33.424,10.904178619384766,15.998
5,5,-12.045394,-77.036852,7,891.14990234375,853.463,27.235843658447266,33.424,10.697417259216309,15.998
0,6,-12.045394,-77.036852,2,532.0852661132812,806.642,33.11300277709961,37.859,10.765022277832031,20.505
1,6,-12.045394,-77.036852,3,776.4548950195312,806.642,33.46200942993164,37.859,13.247062683105469,20.505
2,6,-12.045394,-77.036852,4,760.208740234375,806.642,33.42776107788086,37.859,13.770004272460938,20.505
3,6,-12.045394,-77.036852,5,779.8283081054688,806.642,31.96312713623047,37.859,13.639996528625488,20.505
4,6,-12.045394,-77.036852,6,788.787109375,806.642,32.839378356933594,37.859,16.79027557373047,20.505
5,6,-12.045394,-77.036852,7,1019.06396484375,806.642,32.514434814453125,37.859,16.602216720581055,20.505
0,1,-12.057582,-77.071778,2,355.4865417480469,474.963,21.514381408691406,12.583,27.792804718017578,22.95
1,1,-12.057582,-77.071778,3,398.48785400390625,474.963,19.337326049804688,12.583,25.913644790649414,22.95
2,1,-12.057582,-77.071778,4,484.5927429199219,474.963,19.824304580688477,12.583,29.97173309326172,22.95
3,1,-12.057582,-77.071778,5,496.903076171875,474.963,20.255882263183594,12.583,29.019901275634766,22.95
4,1,-12.057582,-77.071778,6,568.1480102539062,474.963,21.154531478881836,12.583,31.5972900390625,22.95
5,1,-12.057582,-77.071778,7,605.491943359375,474.963,21.31690788269043,12.583,29.976152420043945,22.95
0,2,-12.057582,-77.071778,2,375.38421630859375,565.581,22.562292098999023,21.788,24.05986785888672,20.743
1,2,-12.057582,-77.071778,3,403.27850341796875,565.581,20.90066146850586,21.788,21.63328742980957,20.743
2,2,-12.057582,-77.071778,4,446.13714599609375,565.581,22.019634246826172,21.788,23.53169822692871,20.743
3,2,-12.057582,-77.071778,5,440.9114685058594,565.581,21.71187973022461,21.788,22.22144317626953,20.743
4,2,-12.057582,-77.071778,6,481.5227355957031,565.581,23.119102478027344,21.788,22.77411460876465,20.743
5,2,-12.057582,-77.071778,7,506.66064453125,565.581,22.56572151184082,21.788,21.3621768951416,20.743
0,3,-12.057582,-77.071778,2,434.7125244140625,520.121,22.027318954467773,17.181,21.475900650024414,21.13
1,3,-12.057582,-77.071778,3,451.5423583984375,520.121,18.865833282470703,17.181,18.70760154724121,21.13
2,3,-12.057582,-77.071778,4,485.00738525390625,520.121,19.34968376159668,17.181,20.31264877319336,21.13
3,3,-12.057582,-77.071778,5,452.83306884765625,520.121,19.2419376373291,17.181,18.844589233398438,21.13
4,3,-12.057582,-77.071778,6,483.4709777832031,520.121,21.08304786682129,17.181,19.692279815673828,21.13
5,3,-12.057582,-77.071778,7,506.4255065917969,520.121,21.54839515686035,17.181,18.59979248046875,21.13
0,4,-12.057582,-77.071778,2,563.1726684570312,563.193,30.959980010986328,25.339,20.65245819091797,19.478
1,4,-12.057582,-77.071778,3,532.726806640625,563.193,26.944171905517578,25.339,17.377246856689453,19.478
2,4,-12.057582,-77.071778,4,545.6956787109375,563.193,26.844615936279297,25.339,17.840242385864258,19.478
3,4,-12.057582,-77.071778,5,498.76019287109375,563.193,26.320846557617188,25.339,16.258853912353516,19.478
4,4,-12.057582,-77.071778,6,533.4749755859375,563.193,26.892955780029297,25.339,16.53474998474121,19.478
5,4,-12.057582,-77.071778,7,548.338623046875,563.193,26.825809478759766,25.339,15.42762279510498,19.478
0,5,-12.057582,-77.071778,2,722.1687622070312,777.918,35.297489166259766,34.03,24.61043357849121,23.911
1,5,-12.057582,-77.071778,3,670.767333984375,777.918,31.17749786376953,34.03,20.165422439575195,23.911
2,5,-12.057582,-77.071778,4,672.7652587890625,777.918,31.517166137695312,34.03,20.443851470947266,23.911
3,5,-12.057582,-77.071778,5,640.5777587890625,777.918,30.947280883789062,34.03,18.36089515686035,23.911
4,5,-12.057582,-77.071778,6,676.063720703125,777.918,31.36012840270996,34.03,17.967023849487305,23.911
5,5,-12.057582,-77.071778,7,676.3908081054688,777.918,31.094640731811523,34.03,16.58353042602539,23.911
0,6,-12.057582,-77.071778,2,703.7360229492188,721.924,38.443477630615234,39.624,32.858856201171875,32.415
1,6,-12.057582,-77.071778,3,674.4891967773438,721.924,35.8690071105957,39.624,28.063329696655273,32.415
2,6,-12.057582,-77.071778,4,714.2680053710938,721.924,36.20704650878906,39.624,29.18338394165039,32.415
3,6,-12.057582,-77.071778,5,713.7073974609375,721.924,35.63058853149414,39.624,26.414260864257812,32.415
4,6,-12.057582,-77.071778,6,729.19873046875,721.924,36.002044677734375,39.624,25.429243087768555,32.415
5,6,-12.057582,-77.071778,7,733.662841796875,721.924,35.643985748291016,39.624,23.59679412841797,32.415
